Title,Album_Sales
"Battlestar Galactica (Classic), Season 1",35.82
"The Office, Season 3",31.84
Minha Historia,26.73
"Lost, Season 2",25.87
"Heroes, Season 1",25.87
Greatest Hits,25.74
Unplugged,24.75
"Battlestar Galactica, Season 3",23.88
"Lost, Season 3",21.89
Acústico,21.78
"Lost, Season 1",19.9
Greatest Kiss,19.8
Prenda Minha,18.81
My Generation - The Very Best Of The Who,18.81
"Chronicle, Vol. 2",18.81
International Superhits,17.82
"Chronicle, Vol. 1",17.82
Acústico MTV,17.82
Use Your Illusion I,16.83
Up An' Atom,16.83
The Best Of R.E.M.: The IRS Years,16.83
Rattle And Hum,16.83
Instant Karma: The Amnesty International Campaign to Save Darfur,15.84
Afrociberdelia,15.84
Vinícius De Moraes - Sem Limite,14.85
The Cream Of Clapton,14.85
Chill: Brazil (Disc 2),14.85
Arquivo Os Paralamas Do Sucesso,14.85
American Idiot,14.85
A-Sides,14.85
"LOST, Season 4",13.93
New Adventures In Hi-Fi,13.86
Greatest Hits II,13.86
Rotten Apples: Greatest Hits,12.87
Quanta Gente Veio Ver (Live),12.87
Elis Regina-Minha História,12.87
Compositores,12.87
Angel Dust,12.87
Album Of The Year,12.87
"The Office, Season 2",11.94
Volume Dois,11.88
Sex Machine,11.88
Serie Sem Limite (Disc 2),11.88
Serie Sem Limite (Disc 1),11.88
ReLoad,11.88
News Of The World,11.88
Mezmerize,11.88
Garage Inc. (Disc 2),11.88
Cássia Eller - Coleção Sem Limite [Disc 2],11.88
Chemical Wedding,11.88
Back to Black,11.88
Arquivo II,11.88
War,10.89
Vozes do MPB,10.89
Unplugged [Live],10.89
The X Factor,10.89
The Best Of 1980-1990,10.89
Load,10.89
Kill 'Em All,10.89
Judas 0: B-Sides and Rarities,10.89
Heart of the Night,10.89
Greatest Hits I,10.89
Body Count,10.89
B-Sides 1980-1990,10.89
Use Your Illusion II,9.9
Tribute,9.9
The Singles,9.9
"The Best Of Van Halen, Vol. I",9.9
Tangents,9.9
Seek And Shall Find: More Of The Best (1963-1981),9.9
Raul Seixas,9.9
Pop,9.9
Olodum,9.9
My Way: The Best Of Frank Sinatra [Disc 1],9.9
Master Of Puppets,9.9
Living After Midnight,9.9
How To Dismantle An Atomic Bomb,9.9
For Those About To Rock We Salute You,9.9
Core,9.9
Blood Sugar Sex Magik,9.9
Big Ones,9.9
BBC Sessions [Disc 2] [Live],9.9
Zooropa,8.91
The Number of The Beast,8.91
Seventh Son of a Seventh Son,8.91
"Pure Cult: The Best Of The Cult (For Rockers, Ravers, Lovers & Sinners) [UK]",8.91
Powerslave,8.91
Out Of Time,8.91
Os Cães Ladram Mas A Caravana Não Pára,8.91
Original Soundtracks 1,8.91
Morning Dance,8.91
Meus Momentos,8.91
Live On Two Legs [Live],8.91
Led Zeppelin III,8.91
Led Zeppelin II,8.91
Led Zeppelin I,8.91
King For A Day Fool For A Lifetime,8.91
In Step,8.91
Djavan Ao Vivo - Vol. 1,8.91
Djavan Ao Vivo - Vol. 02,8.91
Da Lama Ao Caos,8.91
Cássia Eller - Sem Limite [Disc 1],8.91
Californication,8.91
Blue Moods,8.91
Black Album,8.91
Appetite for Destruction,8.91
Ao Vivo [IMPORT],8.91
Acústico MTV [Live],8.91
A TempestadeTempestade Ou O Livro Dos Dias,8.91
Walking Into Clarksdale,7.92
UB40 The Best Of - Volume Two [UK],7.92
The Best Of Men At Work,7.92
Roda De Funk,7.92
Rock In Rio [CD2],7.92
Rock In Rio [CD1],7.92
No Prayer For The Dying,7.92
Minha História,7.92
Milton Nascimento Ao Vivo,7.92
Mais Do Mesmo,7.92
Lulu Santos - RCA 100 Anos De Música - Álbum 01,7.92
Live After Death,7.92
Jagged Little Pill,7.92
Into The Light,7.92
In Through The Out Door,7.92
House of Pain,7.92
Green,7.92
Faceless,7.92
Deixa Entrar,7.92
By The Way,7.92
Barulhinho Bom,7.92
Are You Experienced?,7.92
Warner 25 Anos,6.93
Voodoo Lounge,6.93
Virtual XI,6.93
Vault: Def Leppard's Greatest Hits,6.93
Transmission,6.93
The Real Thing,6.93
The Police Greatest Hits,6.93
The Best Of Buddy Guy - The Millenium Collection,6.93
Synkronized,6.93
St. Anger,6.93
Speak of the Devil,6.93
Riot Act,6.93
Radio Brasil (O Som da Jovem Vanguarda) - Seleccao de Henrique Amaro,6.93
Motley Crue Greatest Hits,6.93
Minas,6.93
Miles Ahead,6.93
Live [Disc 2],6.93
Live [Disc 1],6.93
Houses Of The Holy,6.93
Get Born,6.93
Garage Inc. (Disc 1),6.93
From The Muddy Banks Of The Wishkah [Live],6.93
Facelift,6.93
Diver Down,6.93
Cidade Negra - Hits,6.93
Chill: Brazil (Disc 1),6.93
Cesta Básica,6.93
Black Sabbath Vol. 4 (Remaster),6.93
Beyond Good And Evil,6.93
A Real Dead One,6.93
"The Office, Season 1",5.97
Vs.,5.94
Vinicius De Moraes,5.94
Van Halen III,5.94
Van Halen,5.94
The Essential Miles Davis [Disc 1],5.94
The Colour And The Shape,5.94
The Best of Ed Motta,5.94
Supernatural,5.94
Sambas De Enredo 2001,5.94
Ride The Lightning,5.94
Retrospective I (1974-1980),5.94
Pearl Jam,5.94
No Security,5.94
Maquinarama,5.94
Live At Donington 1992 (Disc 2),5.94
Let There Be Rock,5.94
Jota Quest-1995,5.94
Jorge Ben Jor 25 Anos,5.94
In Your Honor [Disc 2],5.94
IV,5.94
Frank,5.94
Emergency On Planet Earth,5.94
Demorou...,5.94
Contraband,5.94
Coda,5.94
Carnaval 2001,5.94
Cafezinho,5.94
Brave New World,5.94
BackBeat Soundtrack,5.94
BBC Sessions [Disc 1] [Live],5.94
Axé Bahia 2001,5.94
Audioslave,5.94
All That You Can't Leave Behind,5.94
Achtung Baby,5.94
Ace Of Spades,5.94
A Matter of Life and Death,5.94
...And Justice For All,5.94
[1997] Black Light Syndrome,4.95
The Return Of The Space Cowboy,4.95
The Beast Live,4.95
The Battle Rages On,4.95
Somewhere in Time,4.95
Revelations,4.95
Purpendicular,4.95
Presence,4.95
Piece Of Mind,4.95
Physical Graffiti [Disc 2],4.95
Out Of Exile,4.95
One By One,4.95
Nevermind,4.95
Na Pista,4.95
Misplaced Childhood,4.95
Lulu Santos - RCA 100 Anos De Música - Álbum 02,4.95
Knocking at Your Back Door: The Best Of Deep Purple in the 80's,4.95
Killers,4.95
In Your Honor [Disc 1],4.95
"Hot Rocks, 1964-1971 (Disc 1)",4.95
Fear Of The Dark,4.95
Dance Of Death,4.95
Come Taste The Band,4.95
As Canções de Eu Tu Eles,4.95
Alcohol Fueled Brewtality Live! [Disc 1],4.95
A Real Live One,4.95
20th Century Masters - The Millennium Collection: The Best of Scorpions,4.95
Aquaman,3.98
The Essential Miles Davis [Disc 2],3.96
The Doors,3.96
The Best Of Billy Cobham,3.96
Ten,3.96
Temple of the Dog,3.96
Surfing with the Alien (Remastered),3.96
Stormbringer,3.96
Slaves And Masters,3.96
Plays Metallica By Four Cellos,3.96
Outbreak,3.96
O Samba Poconé,3.96
Machine Head,3.96
MK III The Final Concerts [Disc 1],3.96
Live At Donington 1992 (Disc 1),3.96
Iron Maiden,3.96
Fireball,3.96
Dark Side Of The Moon,3.96
Carry On,3.96
Bongo Fury,3.96
The Song Remains The Same (Disc 1),2.97
Santana Live,2.97
Santana - As Years Go By,2.97
Restless and Wild,2.97
No More Tears (Remastered),2.97
Deep Purple In Rock,2.97
Alcohol Fueled Brewtality Live! [Disc 2],2.97
The Song Remains The Same (Disc 2),1.98
Sozinho Remix Ao Vivo,1.98
Schubert: The Late String Quartets & String Quintet (3 CD's),1.98
Scheherazade,1.98
Quanta Gente Veio ver--Bônus De Carnaval,1.98
Purcell: Music for the Queen Mary,1.98
Physical Graffiti [Disc 1],1.98
Diary of a Madman (Remastered),1.98
Black Sabbath,1.98
Berlioz: Symphonie Fantastique,1.98
Balls to the Wall,1.98
Bach: Orchestral Suites Nos. 1 - 4,1.98
Weill: The Seven Deadly Sins,0.99
Wagner: Favourite Overtures,0.99
Un-Led-Ed,0.99
The World of Classical Favourites,0.99
The Final Concerts (Disc 2),0.99
"Tchaikovsky: 1812 Festival Overture, Op.49, Capriccio Italien & Beethoven: Wellington's Victory",0.99
"Szymanowski: Piano Works, Vol. 1",0.99
South American Getaway,0.99
Sibelius: Finlandia,0.99
Respighi:Pines of Rome,0.99
Purcell: The Fairy Queen,0.99
Prokofiev: Romeo & Juliet,0.99
Pachelbel: Canon & Gigue,0.99
Nielsen: The Six Symphonies,0.99
Muso Ko,0.99
Mozart: Symphonies Nos. 40 & 41,0.99
Mendelssohn: A Midsummer Night's Dream,0.99
Liszt - 12 Études D'Execution Transcendante,0.99
"J.S. Bach: Chaconne, Suite in E Minor, Partita in E Major & Prelude, Fugue and Allegro",0.99
"Holst: The Planets, Op. 32 & Vaughan Williams: Fantasies",0.99
Haydn: Symphonies 99 - 104,0.99
Handel: The Messiah (Highlights),0.99
Górecki: Symphony No. 3,0.99
Grieg: Peer Gynt Suites & Sibelius: Pelléas et Mélisande,0.99
"Fauré: Requiem, Ravel: Pavane & Others",0.99
Every Kind of Light,0.99
English Renaissance,0.99
Elgar: Cello Concerto & Vaughan Williams: Fantasias,0.99
Duos II,0.99
Chopin: Piano Concertos Nos. 1 & 2,0.99
Carried to Dust (Bonus Track Version),0.99
Blizzard of Ozz,0.99
Beethoven: Symphony No. 6 'Pastoral' Etc.,0.99
Beethoven Piano Sonatas: Moonlight & Pastorale,0.99
Bartok: Violin & Viola Concertos,0.99
Bark at the Moon (Remastered),0.99
Bach: The Cello Suites,0.99
Bach: The Brandenburg Concertos,0.99
"Adams, John: The Chairman Dances",0.99
